{
  "teams": [
    {
      "isOwner": true,
      "name": "Presenters",
      "ninjas": [
        {
          "name": "Gabriel Santos"
        },
        {
          "name": "Romero Ricardo"
        }
      ],
      "belts": [
        {
          "id": 1,
          "color": "white"
        },
        {
          "id": 1,
          "color": "red"
        },
        {
          "id": 1,
          "color": "brown"
        },
        {
          "id": 1,
          "color": "black"
        }
      ]
    }
  ]
}
